Local Authority District,Growth Type,Number of Firms
County Durham,20% Employment Growth,65
County Durham,20% Turnover Growth,145
County Durham,20% Employment and Turnover Growth,30
Darlington,20% Employment Growth,15
Darlington,20% Turnover Growth,30
Darlington,20% Employment and Turnover Growth,10
Hartlepool,20% Employment Growth,10
Hartlepool,20% Turnover Growth,20
Hartlepool,20% Employment and Turnover Growth,5
Middlesbrough,20% Employment Growth,15
Middlesbrough,20% Turnover Growth,35
Middlesbrough,20% Employment and Turnover Growth,10
Northumberland,20% Employment Growth,55
Northumberland,20% Turnover Growth,90
Northumberland,20% Employment and Turnover Growth,35
Redcar and Cleveland,20% Employment Growth,20
Redcar and Cleveland,20% Turnover Growth,35
Redcar and Cleveland,20% Employment and Turnover Growth,5
Stockton-on-Tees,20% Employment Growth,25
Stockton-on-Tees,20% Turnover Growth,60
Stockton-on-Tees,20% Employment and Turnover Growth,10
Tyne and Wear (Met County),20% Employment Growth,200
Tyne and Wear (Met County),20% Turnover Growth,345
Tyne and Wear (Met County),20% Employment and Turnover Growth,105
   Gateshead,20% Employment Growth,40
   Gateshead,20% Turnover Growth,75
   Gateshead,20% Employment and Turnover Growth,20
   Newcastle upon Tyne,20% Employment Growth,75
   Newcastle upon Tyne,20% Turnover Growth,125
   Newcastle upon Tyne,20% Employment and Turnover Growth,40
   North Tyneside,20% Employment Growth,35
   North Tyneside,20% Turnover Growth,45
   North Tyneside,20% Employment and Turnover Growth,20
   South Tyneside,20% Employment Growth,15
   South Tyneside,20% Turnover Growth,25
   South Tyneside,20% Employment and Turnover Growth,5
   Sunderland,20% Employment Growth,35
   Sunderland,20% Turnover Growth,75
   Sunderland,20% Employment and Turnover Growth,20
North West,20% Employment Growth,"1,445"
North West,20% Turnover Growth,"2,765"
North West,20% Employment and Turnover Growth,785
Blackburn with Darwen,20% Employment Growth,30
Blackburn with Darwen,20% Turnover Growth,50
Blackburn with Darwen,20% Employment and Turnover Growth,15
Blackpool,20% Employment Growth,20
Blackpool,20% Turnover Growth,40
Blackpool,20% Employment and Turnover Growth,10
Cheshire East,20% Employment Growth,115
Cheshire East,20% Turnover Growth,230
Cheshire East,20% Employment and Turnover Growth,75
Cheshire West and Chester,20% Employment Growth,75
Cheshire West and Chester,20% Turnover Growth,150
Cheshire West and Chester,20% Employment and Turnover Growth,35
Halton,20% Employment Growth,25
Halton,20% Turnover Growth,50
Halton,20% Employment and Turnover Growth,15
Warrington,20% Employment Growth,50
Warrington,20% Turnover Growth,80
Warrington,20% Employment and Turnover Growth,20
Cumbria,20% Employment Growth,80
Cumbria,20% Turnover Growth,175
Cumbria,20% Employment and Turnover Growth,35
Allerdale,20% Employment Growth,20
Allerdale,20% Turnover Growth,25
Allerdale,20% Employment and Turnover Growth,10
Barrow-in-Furness,20% Employment Growth,5
Barrow-in-Furness,20% Turnover Growth,15
Barrow-in-Furness,20% Employment and Turnover Growth,0
Carlisle,20% Employment Growth,20
Carlisle,20% Turnover Growth,45
Carlisle,20% Employment and Turnover Growth,10
Copeland,20% Employment Growth,5
Copeland,20% Turnover Growth,10
Copeland,20% Employment and Turnover Growth,0
Eden,20% Employment Growth,10
Eden,20% Turnover Growth,20
Eden,20% Employment and Turnover Growth,5
South Lakeland,20% Employment Growth,20
South Lakeland,20% Turnover Growth,60
South Lakeland,20% Employment and Turnover Growth,10
Greater Manchester (Met County),20% Employment Growth,600
Greater Manchester (Met County),20% Turnover Growth,"1,105"
Greater Manchester (Met County),20% Employment and Turnover Growth,330
Bolton,20% Employment Growth,60
Bolton,20% Turnover Growth,105
Bolton,20% Employment and Turnover Growth,35
Bury,20% Employment Growth,30
Bury,20% Turnover Growth,65
Bury,20% Employment and Turnover Growth,20
Manchester,20% Employment Growth,170
Manchester,20% Turnover Growth,300
Manchester,20% Employment and Turnover Growth,95
Oldham,20% Employment Growth,30
Oldham,20% Turnover Growth,70
Oldham,20% Employment and Turnover Growth,15
Rochdale,20% Employment Growth,30
Rochdale,20% Turnover Growth,65
Rochdale,20% Employment and Turnover Growth,15
Salford,20% Employment Growth,65
Salford,20% Turnover Growth,130
Salford,20% Employment and Turnover Growth,45
Stockport,20% Employment Growth,60
Stockport,20% Turnover Growth,115
Stockport,20% Employment and Turnover Growth,30
Tameside,20% Employment Growth,35
Tameside,20% Turnover Growth,45
Tameside,20% Employment and Turnover Growth,15
Trafford,20% Employment Growth,70
Trafford,20% Turnover Growth,120
Trafford,20% Employment and Turnover Growth,35
Wigan,20% Employment Growth,50
Wigan,20% Turnover Growth,90
Wigan,20% Employment and Turnover Growth,25
Lancashire,20% Employment Growth,250
Lancashire,20% Turnover Growth,470
Lancashire,20% Employment and Turnover Growth,130
Burnley,20% Employment Growth,20
Burnley,20% Turnover Growth,35
Burnley,20% Employment and Turnover Growth,10
Chorley,20% Employment Growth,25
Chorley,20% Turnover Growth,55
Chorley,20% Employment and Turnover Growth,10
Fylde,20% Employment Growth,15
Fylde,20% Turnover Growth,40
Fylde,20% Employment and Turnover Growth,10
Hyndburn,20% Employment Growth,20
Hyndburn,20% Turnover Growth,30
Hyndburn,20% Employment and Turnover Growth,10
Lancaster,20% Employment Growth,25
Lancaster,20% Turnover Growth,40
Lancaster,20% Employment and Turnover Growth,15
Pendle,20% Employment Growth,20
Pendle,20% Turnover Growth,30
Pendle,20% Employment and Turnover Growth,10
Preston,20% Employment Growth,30
Preston,20% Turnover Growth,70
Preston,20% Employment and Turnover Growth,15
Ribble Valley,20% Employment Growth,15
Ribble Valley,20% Turnover Growth,25
Ribble Valley,20% Employment and Turnover Growth,5
Rossendale,20% Employment Growth,10
Rossendale,20% Turnover Growth,25
Rossendale,20% Employment and Turnover Growth,5
South Ribble,20% Employment Growth,30
South Ribble,20% Turnover Growth,45
South Ribble,20% Employment and Turnover Growth,15
West Lancashire,20% Employment Growth,25
West Lancashire,20% Turnover Growth,50
West Lancashire,20% Employment and Turnover Growth,15
Wyre,20% Employment Growth,15
Wyre,20% Turnover Growth,25
Wyre,20% Employment and Turnover Growth,10
Merseyside (Met County),20% Employment Growth,200
Merseyside (Met County),20% Turnover Growth,415
Merseyside (Met County),20% Employment and Turnover Growth,120
Knowsley,20% Employment Growth,20
Knowsley,20% Turnover Growth,40
Knowsley,20% Employment and Turnover Growth,15
Liverpool,20% Employment Growth,85
Liverpool,20% Turnover Growth,175
Liverpool,20% Employment and Turnover Growth,50
Sefton,20% Employment Growth,30
Sefton,20% Turnover Growth,70
Sefton,20% Employment and Turnover Growth,20
St. Helens,20% Employment Growth,25
St. Helens,20% Turnover Growth,60
St. Helens,20% Employment and Turnover Growth,15
Wirral,20% Employment Growth,40
Wirral,20% Turnover Growth,70
Wirral,20% Employment and Turnover Growth,20
Yorkshire and The Humber,20% Employment Growth,"1,025"
Yorkshire and The Humber,20% Turnover Growth,"2,040"
Yorkshire and The Humber,20% Employment and Turnover Growth,545
East Riding of Yorkshire,20% Employment Growth,55
East Riding of Yorkshire,20% Turnover Growth,120
East Riding of Yorkshire,20% Employment and Turnover Growth,30
Kingston upon Hull City of,20% Employment Growth,35
Kingston upon Hull City of,20% Turnover Growth,100
Kingston upon Hull City of,20% Employment and Turnover Growth,15
North East Lincolnshire,20% Employment Growth,30
North East Lincolnshire,20% Turnover Growth,50
North East Lincolnshire,20% Employment and Turnover Growth,20
North Lincolnshire,20% Employment Growth,25
North Lincolnshire,20% Turnover Growth,50
North Lincolnshire,20% Employment and Turnover Growth,10
York,20% Employment Growth,40
York,20% Turnover Growth,75
York,20% Employment and Turnover Growth,20
North Yorkshire,20% Employment Growth,150
North Yorkshire,20% Turnover Growth,275
North Yorkshire,20% Employment and Turnover Growth,80
Craven,20% Employment Growth,20
Craven,20% Turnover Growth,30
Craven,20% Employment and Turnover Growth,15
Hambleton,20% Employment Growth,20
Hambleton,20% Turnover Growth,35
Hambleton,20% Employment and Turnover Growth,10
Harrogate,20% Employment Growth,50
Harrogate,20% Turnover Growth,90
Harrogate,20% Employment and Turnover Growth,30
Richmondshire,20% Employment Growth,15
Richmondshire,20% Turnover Growth,25
Richmondshire,20% Employment and Turnover Growth,5
Ryedale,20% Employment Growth,15
Ryedale,20% Turnover Growth,25
Ryedale,20% Employment and Turnover Growth,5
Scarborough,20% Employment Growth,20
Scarborough,20% Turnover Growth,35
Scarborough,20% Employment and Turnover Growth,10
Selby,20% Employment Growth,10
Selby,20% Turnover Growth,35
Selby,20% Employment and Turnover Growth,5
South Yorkshire (Met County),20% Employment Growth,215
South Yorkshire (Met County),20% Turnover Growth,475
South Yorkshire (Met County),20% Employment and Turnover Growth,120
Barnsley,20% Employment Growth,30
Barnsley,20% Turnover Growth,80
Barnsley,20% Employment and Turnover Growth,15
Doncaster,20% Employment Growth,40
Doncaster,20% Turnover Growth,95
Doncaster,20% Employment and Turnover Growth,20
Rotherham,20% Employment Growth,45
Rotherham,20% Turnover Growth,90
Rotherham,20% Employment and Turnover Growth,25
Sheffield,20% Employment Growth,100
Sheffield,20% Turnover Growth,210
Sheffield,20% Employment and Turnover Growth,60
West Yorkshire (Met County),20% Employment Growth,475
West Yorkshire (Met County),20% Turnover Growth,895
West Yorkshire (Met County),20% Employment and Turnover Growth,250
Bradford,20% Employment Growth,80
Bradford,20% Turnover Growth,175
Bradford,20% Employment and Turnover Growth,45
Calderdale,20% Employment Growth,25
Calderdale,20% Turnover Growth,65
Calderdale,20% Employment and Turnover Growth,10
Kirklees,20% Employment Growth,85
Kirklees,20% Turnover Growth,160
Kirklees,20% Employment and Turnover Growth,50
Leeds,20% Employment Growth,225
Leeds,20% Turnover Growth,375
Leeds,20% Employment and Turnover Growth,115
Wakefield,20% Employment Growth,60
Wakefield,20% Turnover Growth,120
Wakefield,20% Employment and Turnover Growth,30
East Midlands,20% Employment Growth,915
East Midlands,20% Turnover Growth,"1,755"
East Midlands,20% Employment and Turnover Growth,475
Derby,20% Employment Growth,45
Derby,20% Turnover Growth,95
Derby,20% Employment and Turnover Growth,25
Leicester,20% Employment Growth,70
Leicester,20% Turnover Growth,150
Leicester,20% Employment and Turnover Growth,40
Nottingham,20% Employment Growth,65
Nottingham,20% Turnover Growth,140
Nottingham,20% Employment and Turnover Growth,35
Rutland,20% Employment Growth,5
Rutland,20% Turnover Growth,20
Rutland,20% Employment and Turnover Growth,0
Derbyshire,20% Employment Growth,130
Derbyshire,20% Turnover Growth,265
Derbyshire,20% Employment and Turnover Growth,55
Amber Valley,20% Employment Growth,20
Amber Valley,20% Turnover Growth,50
Amber Valley,20% Employment and Turnover Growth,10
Bolsover,20% Employment Growth,10
Bolsover,20% Turnover Growth,30
Bolsover,20% Employment and Turnover Growth,5
Chesterfield,20% Employment Growth,15
Chesterfield,20% Turnover Growth,35
Chesterfield,20% Employment and Turnover Growth,5
Derbyshire Dales,20% Employment Growth,20
Derbyshire Dales,20% Turnover Growth,30
Derbyshire Dales,20% Employment and Turnover Growth,5
Erewash,20% Employment Growth,15
Erewash,20% Turnover Growth,45
Erewash,20% Employment and Turnover Growth,10
High Peak,20% Employment Growth,15
High Peak,20% Turnover Growth,20
High Peak,20% Employment and Turnover Growth,5
North East Derbyshire,20% Employment Growth,20
North East Derbyshire,20% Turnover Growth,30
North East Derbyshire,20% Employment and Turnover Growth,5
South Derbyshire,20% Employment Growth,15
South Derbyshire,20% Turnover Growth,25
South Derbyshire,20% Employment and Turnover Growth,10
Leicestershire,20% Employment Growth,150
Leicestershire,20% Turnover Growth,280
Leicestershire,20% Employment and Turnover Growth,80
Blaby,20% Employment Growth,20
Blaby,20% Turnover Growth,45
Blaby,20% Employment and Turnover Growth,15
Charnwood,20% Employment Growth,35
Charnwood,20% Turnover Growth,65
Charnwood,20% Employment and Turnover Growth,20
Harborough,20% Employment Growth,30
Harborough,20% Turnover Growth,45
Harborough,20% Employment and Turnover Growth,15
Hinckley and Bosworth,20% Employment Growth,20
Hinckley and Bosworth,20% Turnover Growth,35
Hinckley and Bosworth,20% Employment and Turnover Growth,10
Melton,20% Employment Growth,10
Melton,20% Turnover Growth,20
Melton,20% Employment and Turnover Growth,0
North West Leicestershire,20% Employment Growth,30
North West Leicestershire,20% Turnover Growth,55
North West Leicestershire,20% Employment and Turnover Growth,20
Oadby and Wigston,20% Employment Growth,5
Oadby and Wigston,20% Turnover Growth,15
Oadby and Wigston,20% Employment and Turnover Growth,0
Lincolnshire,20% Employment Growth,115
Lincolnshire,20% Turnover Growth,245
Lincolnshire,20% Employment and Turnover Growth,55
Boston,20% Employment Growth,10
Boston,20% Turnover Growth,25
Boston,20% Employment and Turnover Growth,10
East Lindsey,20% Employment Growth,20
East Lindsey,20% Turnover Growth,40
East Lindsey,20% Employment and Turnover Growth,5
Lincoln,20% Employment Growth,15
Lincoln,20% Turnover Growth,35
Lincoln,20% Employment and Turnover Growth,5
North Kesteven,20% Employment Growth,20
North Kesteven,20% Turnover Growth,40
North Kesteven,20% Employment and Turnover Growth,15
South Holland,20% Employment Growth,10
South Holland,20% Turnover Growth,30
South Holland,20% Employment and Turnover Growth,5
South Kesteven,20% Employment Growth,25
South Kesteven,20% Turnover Growth,50
South Kesteven,20% Employment and Turnover Growth,10
West Lindsey,20% Employment Growth,15
West Lindsey,20% Turnover Growth,25
West Lindsey,20% Employment and Turnover Growth,5
Northamptonshire,20% Employment Growth,180
Northamptonshire,20% Turnover Growth,320
Northamptonshire,20% Employment and Turnover Growth,105
Corby,20% Employment Growth,25
Corby,20% Turnover Growth,45
Corby,20% Employment and Turnover Growth,20
Daventry,20% Employment Growth,25
Daventry,20% Turnover Growth,35
Daventry,20% Employment and Turnover Growth,15
East Northamptonshire,20% Employment Growth,10
East Northamptonshire,20% Turnover Growth,25
East Northamptonshire,20% Employment and Turnover Growth,5
Kettering,20% Employment Growth,15
Kettering,20% Turnover Growth,35
Kettering,20% Employment and Turnover Growth,5
Northampton,20% Employment Growth,60
Northampton,20% Turnover Growth,95
Northampton,20% Employment and Turnover Growth,35
South Northamptonshire,20% Employment Growth,30
South Northamptonshire,20% Turnover Growth,50
South Northamptonshire,20% Employment and Turnover Growth,15
Wellingborough,20% Employment Growth,15
Wellingborough,20% Turnover Growth,35
Wellingborough,20% Employment and Turnover Growth,10
Nottinghamshire,20% Employment Growth,155
Nottinghamshire,20% Turnover Growth,240
Nottinghamshire,20% Employment and Turnover Growth,80
Ashfield,20% Employment Growth,25
Ashfield,20% Turnover Growth,25
Ashfield,20% Employment and Turnover Growth,15
Bassetlaw,20% Employment Growth,25
Bassetlaw,20% Turnover Growth,40
Bassetlaw,20% Employment and Turnover Growth,10
Broxtowe,20% Employment Growth,20
Broxtowe,20% Turnover Growth,35
Broxtowe,20% Employment and Turnover Growth,10
Gedling,20% Employment Growth,15
Gedling,20% Turnover Growth,25
Gedling,20% Employment and Turnover Growth,10
Mansfield,20% Employment Growth,15
Mansfield,20% Turnover Growth,25
Mansfield,20% Employment and Turnover Growth,5
Newark and Sherwood,20% Employment Growth,25
Newark and Sherwood,20% Turnover Growth,50
Newark and Sherwood,20% Employment and Turnover Growth,15
Rushcliffe,20% Employment Growth,30
Rushcliffe,20% Turnover Growth,40
Rushcliffe,20% Employment and Turnover Growth,15
West Midlands,20% Employment Growth,"1,045"
West Midlands,20% Turnover Growth,"2,060"
West Midlands,20% Employment and Turnover Growth,530
Herefordshire County of,20% Employment Growth,40
Herefordshire County of,20% Turnover Growth,85
Herefordshire County of,20% Employment and Turnover Growth,20
Shropshire,20% Employment Growth,65
Shropshire,20% Turnover Growth,130
Shropshire,20% Employment and Turnover Growth,30
Stoke-on-Trent,20% Employment Growth,40
Stoke-on-Trent,20% Turnover Growth,85
Stoke-on-Trent,20% Employment and Turnover Growth,15
Telford and Wrekin,20% Employment Growth,30
Telford and Wrekin,20% Turnover Growth,65
Telford and Wrekin,20% Employment and Turnover Growth,15
Staffordshire,20% Employment Growth,165
Staffordshire,20% Turnover Growth,305
Staffordshire,20% Employment and Turnover Growth,95
Cannock Chase,20% Employment Growth,10
Cannock Chase,20% Turnover Growth,30
Cannock Chase,20% Employment and Turnover Growth,5
East Staffordshire,20% Employment Growth,25
East Staffordshire,20% Turnover Growth,40
East Staffordshire,20% Employment and Turnover Growth,15
Lichfield,20% Employment Growth,30
Lichfield,20% Turnover Growth,55
Lichfield,20% Employment and Turnover Growth,25
Newcastle-under-Lyme,20% Employment Growth,15
Newcastle-under-Lyme,20% Turnover Growth,35
Newcastle-under-Lyme,20% Employment and Turnover Growth,10
South Staffordshire,20% Employment Growth,20
South Staffordshire,20% Turnover Growth,35
South Staffordshire,20% Employment and Turnover Growth,10
Stafford,20% Employment Growth,30
Stafford,20% Turnover Growth,50
Stafford,20% Employment and Turnover Growth,15
Staffordshire Moorlands,20% Employment Growth,15
Staffordshire Moorlands,20% Turnover Growth,25
Staffordshire Moorlands,20% Employment and Turnover Growth,5
Tamworth,20% Employment Growth,20
Tamworth,20% Turnover Growth,35
Tamworth,20% Employment and Turnover Growth,10
Warwickshire,20% Employment Growth,130
Warwickshire,20% Turnover Growth,255
Warwickshire,20% Employment and Turnover Growth,60
North Warwickshire,20% Employment Growth,20
North Warwickshire,20% Turnover Growth,40
North Warwickshire,20% Employment and Turnover Growth,10
Nuneaton and Bedworth,20% Employment Growth,25
Nuneaton and Bedworth,20% Turnover Growth,45
Nuneaton and Bedworth,20% Employment and Turnover Growth,5
Rugby,20% Employment Growth,15
Rugby,20% Turnover Growth,25
Rugby,20% Employment and Turnover Growth,5
Stratford-on-Avon,20% Employment Growth,45
Stratford-on-Avon,20% Turnover Growth,70
Stratford-on-Avon,20% Employment and Turnover Growth,25
Warwick,20% Employment Growth,25
Warwick,20% Turnover Growth,75
Warwick,20% Employment and Turnover Growth,15
West Midlands (Met County),20% Employment Growth,455
West Midlands (Met County),20% Turnover Growth,870
West Midlands (Met County),20% Employment and Turnover Growth,235
Birmingham,20% Employment Growth,175
Birmingham,20% Turnover Growth,380
Birmingham,20% Employment and Turnover Growth,100
Coventry,20% Employment Growth,50
Coventry,20% Turnover Growth,85
Coventry,20% Employment and Turnover Growth,30
Dudley,20% Employment Growth,55
Dudley,20% Turnover Growth,80
Dudley,20% Employment and Turnover Growth,25
Sandwell,20% Employment Growth,35
Sandwell,20% Turnover Growth,90
Sandwell,20% Employment and Turnover Growth,15
Solihull,20% Employment Growth,55
Solihull,20% Turnover Growth,80
Solihull,20% Employment and Turnover Growth,25
Walsall,20% Employment Growth,40
Walsall,20% Turnover Growth,75
Walsall,20% Employment and Turnover Growth,20
Wolverhampton,20% Employment Growth,45
Wolverhampton,20% Turnover Growth,80
Wolverhampton,20% Employment and Turnover Growth,20
Worcestershire,20% Employment Growth,120
Worcestershire,20% Turnover Growth,265
Worcestershire,20% Employment and Turnover Growth,60
Bromsgrove,20% Employment Growth,25
Bromsgrove,20% Turnover Growth,50
Bromsgrove,20% Employment and Turnover Growth,10
Malvern Hills,20% Employment Growth,15
Malvern Hills,20% Turnover Growth,40
Malvern Hills,20% Employment and Turnover Growth,10
Redditch,20% Employment Growth,20
Redditch,20% Turnover Growth,30
Redditch,20% Employment and Turnover Growth,5
Worcester,20% Employment Growth,25
Worcester,20% Turnover Growth,50
Worcester,20% Employment and Turnover Growth,15
Wychavon,20% Employment Growth,25
Wychavon,20% Turnover Growth,65
Wychavon,20% Employment and Turnover Growth,15
Wyre Forest,20% Employment Growth,10
Wyre Forest,20% Turnover Growth,30
Wyre Forest,20% Employment and Turnover Growth,5
East,20% Employment Growth,"1,320"
East,20% Turnover Growth,"2,460"
East,20% Employment and Turnover Growth,695
Bedford,20% Employment Growth,40
Bedford,20% Turnover Growth,60
Bedford,20% Employment and Turnover Growth,25
Central Bedfordshire,20% Employment Growth,45
Central Bedfordshire,20% Turnover Growth,80
Central Bedfordshire,20% Employment and Turnover Growth,15
Luton,20% Employment Growth,25
Luton,20% Turnover Growth,50
Luton,20% Employment and Turnover Growth,10
Peterborough,20% Employment Growth,55
Peterborough,20% Turnover Growth,75
Peterborough,20% Employment and Turnover Growth,30
Southend-on-Sea,20% Employment Growth,20
Southend-on-Sea,20% Turnover Growth,65
Southend-on-Sea,20% Employment and Turnover Growth,15
Thurrock,20% Employment Growth,30
Thurrock,20% Turnover Growth,45
Thurrock,20% Employment and Turnover Growth,15
Cambridgeshire,20% Employment Growth,185
Cambridgeshire,20% Turnover Growth,340
Cambridgeshire,20% Employment and Turnover Growth,100
Cambridge,20% Employment Growth,45
Cambridge,20% Turnover Growth,75
Cambridge,20% Employment and Turnover Growth,20
East Cambridgeshire,20% Employment Growth,20
East Cambridgeshire,20% Turnover Growth,40
East Cambridgeshire,20% Employment and Turnover Growth,10
Fenland,20% Employment Growth,15
Fenland,20% Turnover Growth,30
Fenland,20% Employment and Turnover Growth,10
Huntingdonshire,20% Employment Growth,45
Huntingdonshire,20% Turnover Growth,80
Huntingdonshire,20% Employment and Turnover Growth,30
South Cambridgeshire,20% Employment Growth,60
South Cambridgeshire,20% Turnover Growth,115
South Cambridgeshire,20% Employment and Turnover Growth,30
Essex,20% Employment Growth,310
Essex,20% Turnover Growth,605
Essex,20% Employment and Turnover Growth,160
Basildon,20% Employment Growth,25
Basildon,20% Turnover Growth,85
Basildon,20% Employment and Turnover Growth,15
Braintree,20% Employment Growth,30
Braintree,20% Turnover Growth,65
Braintree,20% Employment and Turnover Growth,15
Brentwood,20% Employment Growth,10
Brentwood,20% Turnover Growth,40
Brentwood,20% Employment and Turnover Growth,10
Castle Point,20% Employment Growth,10
Castle Point,20% Turnover Growth,20
Castle Point,20% Employment and Turnover Growth,0
Chelmsford,20% Employment Growth,35
Chelmsford,20% Turnover Growth,60
Chelmsford,20% Employment and Turnover Growth,15
Colchester,20% Employment Growth,45
Colchester,20% Turnover Growth,75
Colchester,20% Employment and Turnover Growth,25
Epping Forest,20% Employment Growth,40
Epping Forest,20% Turnover Growth,60
Epping Forest,20% Employment and Turnover Growth,20
Harlow,20% Employment Growth,20
Harlow,20% Turnover Growth,30
Harlow,20% Employment and Turnover Growth,10
Maldon,20% Employment Growth,15
Maldon,20% Turnover Growth,30
Maldon,20% Employment and Turnover Growth,10
Rochford,20% Employment Growth,20
Rochford,20% Turnover Growth,30
Rochford,20% Employment and Turnover Growth,10
Tendring,20% Employment Growth,25
Tendring,20% Turnover Growth,45
Tendring,20% Employment and Turnover Growth,15
Uttlesford,20% Employment Growth,35
Uttlesford,20% Turnover Growth,65
Uttlesford,20% Employment and Turnover Growth,15
Hertfordshire,20% Employment Growth,280
Hertfordshire,20% Turnover Growth,550
Hertfordshire,20% Employment and Turnover Growth,165
Broxbourne,20% Employment Growth,20
Broxbourne,20% Turnover Growth,30
Broxbourne,20% Employment and Turnover Growth,5
Dacorum,20% Employment Growth,30
Dacorum,20% Turnover Growth,50
Dacorum,20% Employment and Turnover Growth,15
East Hertfordshire,20% Employment Growth,40
East Hertfordshire,20% Turnover Growth,65
East Hertfordshire,20% Employment and Turnover Growth,20
Hertsmere,20% Employment Growth,40
Hertsmere,20% Turnover Growth,75
Hertsmere,20% Employment and Turnover Growth,25
North Hertfordshire,20% Employment Growth,35
North Hertfordshire,20% Turnover Growth,65
North Hertfordshire,20% Employment and Turnover Growth,20
St Albans,20% Employment Growth,45
St Albans,20% Turnover Growth,85
St Albans,20% Employment and Turnover Growth,30
Stevenage,20% Employment Growth,15
Stevenage,20% Turnover Growth,30
Stevenage,20% Employment and Turnover Growth,10
Three Rivers,20% Employment Growth,15
Three Rivers,20% Turnover Growth,45
Three Rivers,20% Employment and Turnover Growth,10
Watford,20% Employment Growth,15
Watford,20% Turnover Growth,55
Watford,20% Employment and Turnover Growth,15
Welwyn Hatfield,20% Employment Growth,25
Welwyn Hatfield,20% Turnover Growth,50
Welwyn Hatfield,20% Employment and Turnover Growth,15
Norfolk,20% Employment Growth,180
Norfolk,20% Turnover Growth,310
Norfolk,20% Employment and Turnover Growth,90
Breckland,20% Employment Growth,35
Breckland,20% Turnover Growth,50
Breckland,20% Employment and Turnover Growth,20
Broadland,20% Employment Growth,20
Broadland,20% Turnover Growth,45
Broadland,20% Employment and Turnover Growth,10
Great Yarmouth,20% Employment Growth,10
Great Yarmouth,20% Turnover Growth,25
Great Yarmouth,20% Employment and Turnover Growth,5
King's Lynn and West Norfolk,20% Employment Growth,30
King's Lynn and West Norfolk,20% Turnover Growth,45
King's Lynn and West Norfolk,20% Employment and Turnover Growth,10
North Norfolk,20% Employment Growth,20
North Norfolk,20% Turnover Growth,30
North Norfolk,20% Employment and Turnover Growth,10
Norwich,20% Employment Growth,40
Norwich,20% Turnover Growth,65
Norwich,20% Employment and Turnover Growth,20
South Norfolk,20% Employment Growth,25
South Norfolk,20% Turnover Growth,50
South Norfolk,20% Employment and Turnover Growth,15
Suffolk,20% Employment Growth,150
Suffolk,20% Turnover Growth,280
Suffolk,20% Employment and Turnover Growth,70
Babergh,20% Employment Growth,20
Babergh,20% Turnover Growth,30
Babergh,20% Employment and Turnover Growth,5
Forest Heath,20% Employment Growth,20
Forest Heath,20% Turnover Growth,35
Forest Heath,20% Employment and Turnover Growth,10
Ipswich,20% Employment Growth,25
Ipswich,20% Turnover Growth,50
Ipswich,20% Employment and Turnover Growth,20
Mid Suffolk,20% Employment Growth,25
Mid Suffolk,20% Turnover Growth,35
Mid Suffolk,20% Employment and Turnover Growth,10
St Edmundsbury,20% Employment Growth,10
St Edmundsbury,20% Turnover Growth,45
St Edmundsbury,20% Employment and Turnover Growth,5
Suffolk Coastal,20% Employment Growth,30
Suffolk Coastal,20% Turnover Growth,55
Suffolk Coastal,20% Employment and Turnover Growth,15
Waveney,20% Employment Growth,20
Waveney,20% Turnover Growth,30
Waveney,20% Employment and Turnover Growth,5
London,20% Employment Growth,"2,850"
London,20% Turnover Growth,"5,870"
London,20% Employment and Turnover Growth,"1,655"
Inner London,20% Employment Growth,"2,045"
Inner London,20% Turnover Growth,"4,205"
Inner London,20% Employment and Turnover Growth,"1,215"
Camden,20% Employment Growth,215
Camden,20% Turnover Growth,460
Camden,20% Employment and Turnover Growth,120
City of London,20% Employment Growth,340
City of London,20% Turnover Growth,705
City of London,20% Employment and Turnover Growth,205
Hackney,20% Employment Growth,135
Hackney,20% Turnover Growth,275
Hackney,20% Employment and Turnover Growth,90
Hammersmith and Fulham,20% Employment Growth,80
Hammersmith and Fulham,20% Turnover Growth,180
Hammersmith and Fulham,20% Employment and Turnover Growth,45
Haringey,20% Employment Growth,25
Haringey,20% Turnover Growth,55
Haringey,20% Employment and Turnover Growth,15
Islington,20% Employment Growth,185
Islington,20% Turnover Growth,330
Islington,20% Employment and Turnover Growth,115
Kensington and Chelsea,20% Employment Growth,75
Kensington and Chelsea,20% Turnover Growth,165
Kensington and Chelsea,20% Employment and Turnover Growth,45
Lambeth,20% Employment Growth,75
Lambeth,20% Turnover Growth,160
Lambeth,20% Employment and Turnover Growth,45
Lewisham,20% Employment Growth,20
Lewisham,20% Turnover Growth,30
Lewisham,20% Employment and Turnover Growth,5
Newham,20% Employment Growth,30
Newham,20% Turnover Growth,65
Newham,20% Employment and Turnover Growth,15
Southwark,20% Employment Growth,165
Southwark,20% Turnover Growth,330
Southwark,20% Employment and Turnover Growth,100
Tower Hamlets,20% Employment Growth,115
Tower Hamlets,20% Turnover Growth,280
Tower Hamlets,20% Employment and Turnover Growth,80
Wandsworth,20% Employment Growth,65
Wandsworth,20% Turnover Growth,105
Wandsworth,20% Employment and Turnover Growth,35
Westminster,20% Employment Growth,520
Westminster,20% Turnover Growth,"1,065"
Westminster,20% Employment and Turnover Growth,300
Outer London,20% Employment Growth,805
Outer London,20% Turnover Growth,"1,665"
Outer London,20% Employment and Turnover Growth,440
Barking and Dagenham,20% Employment Growth,25
Barking and Dagenham,20% Turnover Growth,45
Barking and Dagenham,20% Employment and Turnover Growth,15
Barnet,20% Employment Growth,70
Barnet,20% Turnover Growth,140
Barnet,20% Employment and Turnover Growth,35
Bexley,20% Employment Growth,30
Bexley,20% Turnover Growth,60
Bexley,20% Employment and Turnover Growth,10
Brent,20% Employment Growth,60
Brent,20% Turnover Growth,110
Brent,20% Employment and Turnover Growth,25
Bromley,20% Employment Growth,55
Bromley,20% Turnover Growth,90
Bromley,20% Employment and Turnover Growth,30
Croydon,20% Employment Growth,40
Croydon,20% Turnover Growth,100
Croydon,20% Employment and Turnover Growth,25
Ealing,20% Employment Growth,50
Ealing,20% Turnover Growth,120
Ealing,20% Employment and Turnover Growth,30
Enfield,20% Employment Growth,40
Enfield,20% Turnover Growth,85
Enfield,20% Employment and Turnover Growth,20
Greenwich,20% Employment Growth,40
Greenwich,20% Turnover Growth,60
Greenwich,20% Employment and Turnover Growth,20
Harrow,20% Employment Growth,35
Harrow,20% Turnover Growth,95
Harrow,20% Employment and Turnover Growth,25
Havering,20% Employment Growth,40
Havering,20% Turnover Growth,60
Havering,20% Employment and Turnover Growth,20
Hillingdon,20% Employment Growth,60
Hillingdon,20% Turnover Growth,135
Hillingdon,20% Employment and Turnover Growth,30
Hounslow,20% Employment Growth,60
Hounslow,20% Turnover Growth,120
Hounslow,20% Employment and Turnover Growth,35
Kingston upon Thames,20% Employment Growth,30
Kingston upon Thames,20% Turnover Growth,65
Kingston upon Thames,20% Employment and Turnover Growth,15
Merton,20% Employment Growth,35
Merton,20% Turnover Growth,95
Merton,20% Employment and Turnover Growth,20
Redbridge,20% Employment Growth,35
Redbridge,20% Turnover Growth,70
Redbridge,20% Employment and Turnover Growth,20
Richmond upon Thames,20% Employment Growth,55
Richmond upon Thames,20% Turnover Growth,105
Richmond upon Thames,20% Employment and Turnover Growth,35
Sutton,20% Employment Growth,20
Sutton,20% Turnover Growth,55
Sutton,20% Employment and Turnover Growth,15
Waltham Forest,20% Employment Growth,25
Waltham Forest,20% Turnover Growth,55
Waltham Forest,20% Employment and Turnover Growth,15
South East,20% Employment Growth,"2,030"
South East,20% Turnover Growth,"4,100"
South East,20% Employment and Turnover Growth,"1,060"
Bracknell Forest,20% Employment Growth,30
Bracknell Forest,20% Turnover Growth,55
Bracknell Forest,20% Employment and Turnover Growth,15
Brighton and Hove,20% Employment Growth,80
Brighton and Hove,20% Turnover Growth,160
Brighton and Hove,20% Employment and Turnover Growth,45
Isle of Wight,20% Employment Growth,20
Isle of Wight,20% Turnover Growth,45
Isle of Wight,20% Employment and Turnover Growth,10
Medway,20% Employment Growth,35
Medway,20% Turnover Growth,80
Medway,20% Employment and Turnover Growth,15
Milton Keynes,20% Employment Growth,75
Milton Keynes,20% Turnover Growth,130
Milton Keynes,20% Employment and Turnover Growth,35
Portsmouth,20% Employment Growth,35
Portsmouth,20% Turnover Growth,65
Portsmouth,20% Employment and Turnover Growth,20
Reading,20% Employment Growth,55
Reading,20% Turnover Growth,95
Reading,20% Employment and Turnover Growth,30
Slough,20% Employment Growth,50
Slough,20% Turnover Growth,75
Slough,20% Employment and Turnover Growth,25
Southampton,20% Employment Growth,40
Southampton,20% Turnover Growth,70
Southampton,20% Employment and Turnover Growth,25
West Berkshire,20% Employment Growth,45
West Berkshire,20% Turnover Growth,90
West Berkshire,20% Employment and Turnover Growth,15
Windsor and Maidenhead,20% Employment Growth,50
Windsor and Maidenhead,20% Turnover Growth,105
Windsor and Maidenhead,20% Employment and Turnover Growth,30
Wokingham,20% Employment Growth,40
Wokingham,20% Turnover Growth,105
Wokingham,20% Employment and Turnover Growth,25
Buckinghamshire,20% Employment Growth,145
Buckinghamshire,20% Turnover Growth,250
Buckinghamshire,20% Employment and Turnover Growth,70
Aylesbury Vale,20% Employment Growth,45
Aylesbury Vale,20% Turnover Growth,70
Aylesbury Vale,20% Employment and Turnover Growth,30
Chiltern,20% Employment Growth,20
Chiltern,20% Turnover Growth,45
Chiltern,20% Employment and Turnover Growth,10
South Bucks,20% Employment Growth,25
South Bucks,20% Turnover Growth,45
South Bucks,20% Employment and Turnover Growth,10
Wycombe,20% Employment Growth,55
Wycombe,20% Turnover Growth,90
Wycombe,20% Employment and Turnover Growth,20
East Sussex,20% Employment Growth,85
East Sussex,20% Turnover Growth,165
East Sussex,20% Employment and Turnover Growth,35
Eastbourne,20% Employment Growth,10
Eastbourne,20% Turnover Growth,20
Eastbourne,20% Employment and Turnover Growth,0
Hastings,20% Employment Growth,15
Hastings,20% Turnover Growth,20
Hastings,20% Employment and Turnover Growth,5
Lewes,20% Employment Growth,15
Lewes,20% Turnover Growth,40
Lewes,20% Employment and Turnover Growth,10
Rother,20% Employment Growth,10
Rother,20% Turnover Growth,25
Rother,20% Employment and Turnover Growth,5
Wealden,20% Employment Growth,35
Wealden,20% Turnover Growth,60
Wealden,20% Employment and Turnover Growth,15
Hampshire,20% Employment Growth,310
Hampshire,20% Turnover Growth,680
Hampshire,20% Employment and Turnover Growth,175
Basingstoke and Deane,20% Employment Growth,40
Basingstoke and Deane,20% Turnover Growth,80
Basingstoke and Deane,20% Employment and Turnover Growth,25
East Hampshire,20% Employment Growth,30
East Hampshire,20% Turnover Growth,55
East Hampshire,20% Employment and Turnover Growth,15
Eastleigh,20% Employment Growth,20
Eastleigh,20% Turnover Growth,65
Eastleigh,20% Employment and Turnover Growth,20
Fareham,20% Employment Growth,20
Fareham,20% Turnover Growth,50
Fareham,20% Employment and Turnover Growth,15
Gosport,20% Employment Growth,5
Gosport,20% Turnover Growth,20
Gosport,20% Employment and Turnover Growth,5
Hart,20% Employment Growth,10
Hart,20% Turnover Growth,40
Hart,20% Employment and Turnover Growth,10
Havant,20% Employment Growth,20
Havant,20% Turnover Growth,40
Havant,20% Employment and Turnover Growth,10
New Forest,20% Employment Growth,40
New Forest,20% Turnover Growth,105
New Forest,20% Employment and Turnover Growth,20
Rushmoor,20% Employment Growth,30
Rushmoor,20% Turnover Growth,70
Rushmoor,20% Employment and Turnover Growth,15
Test Valley,20% Employment Growth,35
Test Valley,20% Turnover Growth,70
Test Valley,20% Employment and Turnover Growth,15
Winchester,20% Employment Growth,60
Winchester,20% Turnover Growth,85
Winchester,20% Employment and Turnover Growth,25
Kent,20% Employment Growth,295
Kent,20% Turnover Growth,615
Kent,20% Employment and Turnover Growth,155
Ashford,20% Employment Growth,30
Ashford,20% Turnover Growth,55
Ashford,20% Employment and Turnover Growth,15
Canterbury,20% Employment Growth,20
Canterbury,20% Turnover Growth,50
Canterbury,20% Employment and Turnover Growth,10
Dartford,20% Employment Growth,20
Dartford,20% Turnover Growth,45
Dartford,20% Employment and Turnover Growth,10
Dover,20% Employment Growth,15
Dover,20% Turnover Growth,35
Dover,20% Employment and Turnover Growth,10
Gravesham,20% Employment Growth,10
Gravesham,20% Turnover Growth,35
Gravesham,20% Employment and Turnover Growth,0
Maidstone,20% Employment Growth,40
Maidstone,20% Turnover Growth,80
Maidstone,20% Employment and Turnover Growth,25
Sevenoaks,20% Employment Growth,30
Sevenoaks,20% Turnover Growth,50
Sevenoaks,20% Employment and Turnover Growth,15
Shepway,20% Employment Growth,15
Shepway,20% Turnover Growth,45
Shepway,20% Employment and Turnover Growth,10
Swale,20% Employment Growth,25
Swale,20% Turnover Growth,50
Swale,20% Employment and Turnover Growth,10
Thanet,20% Employment Growth,20
Thanet,20% Turnover Growth,45
Thanet,20% Employment and Turnover Growth,15
Tonbridge and Malling,20% Employment Growth,35
Tonbridge and Malling,20% Turnover Growth,65
Tonbridge and Malling,20% Employment and Turnover Growth,15
Tunbridge Wells,20% Employment Growth,35
Tunbridge Wells,20% Turnover Growth,60
Tunbridge Wells,20% Employment and Turnover Growth,20
Oxfordshire,20% Employment Growth,175
Oxfordshire,20% Turnover Growth,370
Oxfordshire,20% Employment and Turnover Growth,90
Cherwell,20% Employment Growth,35
Cherwell,20% Turnover Growth,95
Cherwell,20% Employment and Turnover Growth,20
Oxford,20% Employment Growth,45
Oxford,20% Turnover Growth,90
Oxford,20% Employment and Turnover Growth,20
South Oxfordshire,20% Employment Growth,35
South Oxfordshire,20% Turnover Growth,75
South Oxfordshire,20% Employment and Turnover Growth,20
Vale of White Horse,20% Employment Growth,40
Vale of White Horse,20% Turnover Growth,65
Vale of White Horse,20% Employment and Turnover Growth,20
West Oxfordshire,20% Employment Growth,20
West Oxfordshire,20% Turnover Growth,45
West Oxfordshire,20% Employment and Turnover Growth,10
Surrey,20% Employment Growth,300
Surrey,20% Turnover Growth,600
Surrey,20% Employment and Turnover Growth,160
Elmbridge,20% Employment Growth,30
Elmbridge,20% Turnover Growth,70
Elmbridge,20% Employment and Turnover Growth,15
Epsom and Ewell,20% Employment Growth,10
Epsom and Ewell,20% Turnover Growth,30
Epsom and Ewell,20% Employment and Turnover Growth,5
Guildford,20% Employment Growth,50
Guildford,20% Turnover Growth,95
Guildford,20% Employment and Turnover Growth,30
Mole Valley,20% Employment Growth,25
Mole Valley,20% Turnover Growth,40
Mole Valley,20% Employment and Turnover Growth,5
Reigate and Banstead,20% Employment Growth,20
Reigate and Banstead,20% Turnover Growth,50
Reigate and Banstead,20% Employment and Turnover Growth,10
Runnymede,20% Employment Growth,30
Runnymede,20% Turnover Growth,55
Runnymede,20% Employment and Turnover Growth,20
Spelthorne,20% Employment Growth,15
Spelthorne,20% Turnover Growth,35
Spelthorne,20% Employment and Turnover Growth,10
Surrey Heath,20% Employment Growth,40
Surrey Heath,20% Turnover Growth,70
Surrey Heath,20% Employment and Turnover Growth,20
Tandridge,20% Employment Growth,20
Tandridge,20% Turnover Growth,30
Tandridge,20% Employment and Turnover Growth,10
Waverley,20% Employment Growth,35
Waverley,20% Turnover Growth,70
Waverley,20% Employment and Turnover Growth,20
Woking,20% Employment Growth,25
Woking,20% Turnover Growth,55
Woking,20% Employment and Turnover Growth,15
West Sussex,20% Employment Growth,165
West Sussex,20% Turnover Growth,345
West Sussex,20% Employment and Turnover Growth,85
Adur,20% Employment Growth,10
Adur,20% Turnover Growth,20
Adur,20% Employment and Turnover Growth,5
Arun,20% Employment Growth,25
Arun,20% Turnover Growth,35
Arun,20% Employment and Turnover Growth,10
Chichester,20% Employment Growth,20
Chichester,20% Turnover Growth,50
Chichester,20% Employment and Turnover Growth,10
Crawley,20% Employment Growth,35
Crawley,20% Turnover Growth,70
Crawley,20% Employment and Turnover Growth,25
Horsham,20% Employment Growth,25
Horsham,20% Turnover Growth,70
Horsham,20% Employment and Turnover Growth,10
Mid Sussex,20% Employment Growth,35
Mid Sussex,20% Turnover Growth,60
Mid Sussex,20% Employment and Turnover Growth,15
Worthing,20% Employment Growth,15
Worthing,20% Turnover Growth,40
Worthing,20% Employment and Turnover Growth,10
South West,20% Employment Growth,"1,190"
South West,20% Turnover Growth,"2,140"
South West,20% Employment and Turnover Growth,585
Bath and North East Somerset,20% Employment Growth,60
Bath and North East Somerset,20% Turnover Growth,90
Bath and North East Somerset,20% Employment and Turnover Growth,30
Bournemouth,20% Employment Growth,30
Bournemouth,20% Turnover Growth,75
Bournemouth,20% Employment and Turnover Growth,15
Bristol City of,20% Employment Growth,120
Bristol City of,20% Turnover Growth,255
Bristol City of,20% Employment and Turnover Growth,70
Cornwall,20% Employment Growth,115
Cornwall,20% Turnover Growth,220
Cornwall,20% Employment and Turnover Growth,55
Isles of Scilly,20% Employment Growth,0
Isles of Scilly,20% Turnover Growth,0
Isles of Scilly,20% Employment and Turnover Growth,0
North Somerset,20% Employment Growth,40
North Somerset,20% Turnover Growth,70
North Somerset,20% Employment and Turnover Growth,25
Plymouth,20% Employment Growth,40
Plymouth,20% Turnover Growth,75
Plymouth,20% Employment and Turnover Growth,15
Poole,20% Employment Growth,35
Poole,20% Turnover Growth,65
Poole,20% Employment and Turnover Growth,15
South Gloucestershire,20% Employment Growth,60
South Gloucestershire,20% Turnover Growth,110
South Gloucestershire,20% Employment and Turnover Growth,35
Swindon,20% Employment Growth,30
Swindon,20% Turnover Growth,70
Swindon,20% Employment and Turnover Growth,10
Torbay,20% Employment Growth,10
Torbay,20% Turnover Growth,40
Torbay,20% Employment and Turnover Growth,10
Wiltshire,20% Employment Growth,105
Wiltshire,20% Turnover Growth,165
Wiltshire,20% Employment and Turnover Growth,45
Devon,20% Employment Growth,165
Devon,20% Turnover Growth,270
Devon,20% Employment and Turnover Growth,75
East Devon,20% Employment Growth,20
East Devon,20% Turnover Growth,45
East Devon,20% Employment and Turnover Growth,10
Exeter,20% Employment Growth,30
Exeter,20% Turnover Growth,55
Exeter,20% Employment and Turnover Growth,15
Mid Devon,20% Employment Growth,10
Mid Devon,20% Turnover Growth,20
Mid Devon,20% Employment and Turnover Growth,0
North Devon,20% Employment Growth,15
North Devon,20% Turnover Growth,20
North Devon,20% Employment and Turnover Growth,10
South Hams,20% Employment Growth,25
South Hams,20% Turnover Growth,40
South Hams,20% Employment and Turnover Growth,10
Teignbridge,20% Employment Growth,35
Teignbridge,20% Turnover Growth,50
Teignbridge,20% Employment and Turnover Growth,15
Torridge,20% Employment Growth,15
Torridge,20% Turnover Growth,20
Torridge,20% Employment and Turnover Growth,10
West Devon,20% Employment Growth,15
West Devon,20% Turnover Growth,20
West Devon,20% Employment and Turnover Growth,5
Dorset,20% Employment Growth,80
Dorset,20% Turnover Growth,145
Dorset,20% Employment and Turnover Growth,35
Christchurch,20% Employment Growth,15
Christchurch,20% Turnover Growth,25
Christchurch,20% Employment and Turnover Growth,10
East Dorset,20% Employment Growth,20
East Dorset,20% Turnover Growth,30
East Dorset,20% Employment and Turnover Growth,10
North Dorset,20% Employment Growth,5
North Dorset,20% Turnover Growth,15
North Dorset,20% Employment and Turnover Growth,0
Purbeck,20% Employment Growth,10
Purbeck,20% Turnover Growth,20
Purbeck,20% Employment and Turnover Growth,5
West Dorset,20% Employment Growth,25
West Dorset,20% Turnover Growth,40
West Dorset,20% Employment and Turnover Growth,10
Weymouth and Portland,20% Employment Growth,5
Weymouth and Portland,20% Turnover Growth,15
Weymouth and Portland,20% Employment and Turnover Growth,0
Gloucestershire,20% Employment Growth,195
Gloucestershire,20% Turnover Growth,300
Gloucestershire,20% Employment and Turnover Growth,95
Cheltenham,20% Employment Growth,45
Cheltenham,20% Turnover Growth,65
Cheltenham,20% Employment and Turnover Growth,20
Cotswold,20% Employment Growth,30
Cotswold,20% Turnover Growth,50
Cotswold,20% Employment and Turnover Growth,20
Forest of Dean,20% Employment Growth,15
Forest of Dean,20% Turnover Growth,30
Forest of Dean,20% Employment and Turnover Growth,5
Gloucester,20% Employment Growth,25
Gloucester,20% Turnover Growth,35
Gloucester,20% Employment and Turnover Growth,10
Stroud,20% Employment Growth,40
Stroud,20% Turnover Growth,70
Stroud,20% Employment and Turnover Growth,20
Tewkesbury,20% Employment Growth,40
Tewkesbury,20% Turnover Growth,50
Tewkesbury,20% Employment and Turnover Growth,20
Somerset,20% Employment Growth,105
Somerset,20% Turnover Growth,190
Somerset,20% Employment and Turnover Growth,55
Mendip,20% Employment Growth,30
Mendip,20% Turnover Growth,50
Mendip,20% Employment and Turnover Growth,15
Sedgemoor,20% Employment Growth,25
Sedgemoor,20% Turnover Growth,35
Sedgemoor,20% Employment and Turnover Growth,10
South Somerset,20% Employment Growth,25
South Somerset,20% Turnover Growth,50
South Somerset,20% Employment and Turnover Growth,15
Taunton Deane,20% Employment Growth,20
Taunton Deane,20% Turnover Growth,50
Taunton Deane,20% Employment and Turnover Growth,10
West Somerset,20% Employment Growth,5
West Somerset,20% Turnover Growth,5
West Somerset,20% Employment and Turnover Growth,5
Wales,20% Employment Growth,515
Wales,20% Turnover Growth,940
Wales,20% Employment and Turnover Growth,255
Isle of Anglesey,20% Employment Growth,15
Isle of Anglesey,20% Turnover Growth,20
Isle of Anglesey,20% Employment and Turnover Growth,5
Gwynedd,20% Employment Growth,20
Gwynedd,20% Turnover Growth,30
Gwynedd,20% Employment and Turnover Growth,5
Conwy,20% Employment Growth,20
Conwy,20% Turnover Growth,30
Conwy,20% Employment and Turnover Growth,10
Denbighshire,20% Employment Growth,15
Denbighshire,20% Turnover Growth,25
Denbighshire,20% Employment and Turnover Growth,10
Flintshire,20% Employment Growth,35
Flintshire,20% Turnover Growth,60
Flintshire,20% Employment and Turnover Growth,15
Wrexham,20% Employment Growth,25
Wrexham,20% Turnover Growth,45
Wrexham,20% Employment and Turnover Growth,15
Powys,20% Employment Growth,25
Powys,20% Turnover Growth,35
Powys,20% Employment and Turnover Growth,5
Ceredigion,20% Employment Growth,10
Ceredigion,20% Turnover Growth,20
Ceredigion,20% Employment and Turnover Growth,0
Pembrokeshire,20% Employment Growth,20
Pembrokeshire,20% Turnover Growth,40
Pembrokeshire,20% Employment and Turnover Growth,10
Carmarthenshire,20% Employment Growth,20
Carmarthenshire,20% Turnover Growth,55
Carmarthenshire,20% Employment and Turnover Growth,15
Swansea,20% Employment Growth,30
Swansea,20% Turnover Growth,60
Swansea,20% Employment and Turnover Growth,20
Neath Port Talbot,20% Employment Growth,20
Neath Port Talbot,20% Turnover Growth,45
Neath Port Talbot,20% Employment and Turnover Growth,10
Bridgend,20% Employment Growth,25
Bridgend,20% Turnover Growth,45
Bridgend,20% Employment and Turnover Growth,10
Vale of Glamorgan,20% Employment Growth,15
Vale of Glamorgan,20% Turnover Growth,30
Vale of Glamorgan,20% Employment and Turnover Growth,10
Cardiff,20% Employment Growth,90
Cardiff,20% Turnover Growth,160
Cardiff,20% Employment and Turnover Growth,50
Rhondda Cynon Taf,20% Employment Growth,30
Rhondda Cynon Taf,20% Turnover Growth,55
Rhondda Cynon Taf,20% Employment and Turnover Growth,15
Merthyr Tydfil,20% Employment Growth,10
Merthyr Tydfil,20% Turnover Growth,15
Merthyr Tydfil,20% Employment and Turnover Growth,5
Caerphilly,20% Employment Growth,30
Caerphilly,20% Turnover Growth,55
Caerphilly,20% Employment and Turnover Growth,15
Blaenau Gwent,20% Employment Growth,0
Blaenau Gwent,20% Turnover Growth,15
Blaenau Gwent,20% Employment and Turnover Growth,0
Torfaen,20% Employment Growth,15
Torfaen,20% Turnover Growth,35
Torfaen,20% Employment and Turnover Growth,10
Monmouthshire,20% Employment Growth,15
Monmouthshire,20% Turnover Growth,20
Monmouthshire,20% Employment and Turnover Growth,5
Newport,20% Employment Growth,30
Newport,20% Turnover Growth,45
Newport,20% Employment and Turnover Growth,15
Scotland,20% Employment Growth,905
Scotland,20% Turnover Growth,"1,720"
Scotland,20% Employment and Turnover Growth,435
Aberdeen City,20% Employment Growth,35
Aberdeen City,20% Turnover Growth,65
Aberdeen City,20% Employment and Turnover Growth,15
Aberdeenshire,20% Employment Growth,35
Aberdeenshire,20% Turnover Growth,65
Aberdeenshire,20% Employment and Turnover Growth,15
Angus,20% Employment Growth,20
Angus,20% Turnover Growth,20
Angus,20% Employment and Turnover Growth,5
Argyll and Bute,20% Employment Growth,15
Argyll and Bute,20% Turnover Growth,25
Argyll and Bute,20% Employment and Turnover Growth,5
City of Edinburgh,20% Employment Growth,155
City of Edinburgh,20% Turnover Growth,270
City of Edinburgh,20% Employment and Turnover Growth,90
Clackmannanshire,20% Employment Growth,5
Clackmannanshire,20% Turnover Growth,10
Clackmannanshire,20% Employment and Turnover Growth,0
Dumfries and Galloway,20% Employment Growth,30
Dumfries and Galloway,20% Turnover Growth,45
Dumfries and Galloway,20% Employment and Turnover Growth,15
Dundee City,20% Employment Growth,20
Dundee City,20% Turnover Growth,40
Dundee City,20% Employment and Turnover Growth,5
East Ayrshire,20% Employment Growth,15
East Ayrshire,20% Turnover Growth,35
East Ayrshire,20% Employment and Turnover Growth,10
East Dunbartonshire,20% Employment Growth,5
East Dunbartonshire,20% Turnover Growth,20
East Dunbartonshire,20% Employment and Turnover Growth,5
East Lothian,20% Employment Growth,15
East Lothian,20% Turnover Growth,20
East Lothian,20% Employment and Turnover Growth,5
East Renfrewshire,20% Employment Growth,10
East Renfrewshire,20% Turnover Growth,25
East Renfrewshire,20% Employment and Turnover Growth,5
Falkirk,20% Employment Growth,15
Falkirk,20% Turnover Growth,35
Falkirk,20% Employment and Turnover Growth,5
Fife,20% Employment Growth,55
Fife,20% Turnover Growth,90
Fife,20% Employment and Turnover Growth,25
Glasgow City,20% Employment Growth,140
Glasgow City,20% Turnover Growth,285
Glasgow City,20% Employment and Turnover Growth,75
Highland,20% Employment Growth,60
Highland,20% Turnover Growth,90
Highland,20% Employment and Turnover Growth,25
Inverclyde,20% Employment Growth,5
Inverclyde,20% Turnover Growth,15
Inverclyde,20% Employment and Turnover Growth,5
Midlothian,20% Employment Growth,20
Midlothian,20% Turnover Growth,35
Midlothian,20% Employment and Turnover Growth,10
Moray,20% Employment Growth,5
Moray,20% Turnover Growth,20
Moray,20% Employment and Turnover Growth,0
Na h-Eileanan Siar,20% Employment Growth,0
Na h-Eileanan Siar,20% Turnover Growth,10
Na h-Eileanan Siar,20% Employment and Turnover Growth,0
North Ayrshire,20% Employment Growth,15
North Ayrshire,20% Turnover Growth,30
North Ayrshire,20% Employment and Turnover Growth,5
North Lanarkshire,20% Employment Growth,45
North Lanarkshire,20% Turnover Growth,70
North Lanarkshire,20% Employment and Turnover Growth,20
Orkney Islands,20% Employment Growth,0
Orkney Islands,20% Turnover Growth,5
Orkney Islands,20% Employment and Turnover Growth,0
Perth and Kinross,20% Employment Growth,30
Perth and Kinross,20% Turnover Growth,55
Perth and Kinross,20% Employment and Turnover Growth,15
Renfrewshire,20% Employment Growth,25
Renfrewshire,20% Turnover Growth,55
Renfrewshire,20% Employment and Turnover Growth,10
Scottish Borders,20% Employment Growth,10
Scottish Borders,20% Turnover Growth,30
Scottish Borders,20% Employment and Turnover Growth,5
Shetland Islands,20% Employment Growth,5
Shetland Islands,20% Turnover Growth,10
Shetland Islands,20% Employment and Turnover Growth,0
South Ayrshire,20% Employment Growth,15
South Ayrshire,20% Turnover Growth,40
South Ayrshire,20% Employment and Turnover Growth,10
South Lanarkshire,20% Employment Growth,45
South Lanarkshire,20% Turnover Growth,95
South Lanarkshire,20% Employment and Turnover Growth,25
Stirling,20% Employment Growth,25
Stirling,20% Turnover Growth,35
Stirling,20% Employment and Turnover Growth,10
West Dunbartonshire,20% Employment Growth,10
West Dunbartonshire,20% Turnover Growth,15
West Dunbartonshire,20% Employment and Turnover Growth,5
West Lothian,20% Employment Growth,20
West Lothian,20% Turnover Growth,60
West Lothian,20% Employment and Turnover Growth,10
Northern Ireland,20% Employment Growth,320
Northern Ireland,20% Turnover Growth,675
Northern Ireland,20% Employment and Turnover Growth,160
Antrim and Newtownabbey,20% Employment Growth,15
Antrim and Newtownabbey,20% Turnover Growth,35
Antrim and Newtownabbey,20% Employment and Turnover Growth,5
Ards and North Down,20% Employment Growth,15
Ards and North Down,20% Turnover Growth,35
Ards and North Down,20% Employment and Turnover Growth,10
Armagh City Banbridge and Craigavon,20% Employment Growth,35
Armagh City Banbridge and Craigavon,20% Turnover Growth,60
Armagh City Banbridge and Craigavon,20% Employment and Turnover Growth,10
Belfast,20% Employment Growth,85
Belfast,20% Turnover Growth,170
Belfast,20% Employment and Turnover Growth,40
Causeway Coast and Glens,20% Employment Growth,15
Causeway Coast and Glens,20% Turnover Growth,50
Causeway Coast and Glens,20% Employment and Turnover Growth,10
Derry City and Strabane,20% Employment Growth,25
Derry City and Strabane,20% Turnover Growth,60
Derry City and Strabane,20% Employment and Turnover Growth,15
Fermanagh and Omagh,20% Employment Growth,20
Fermanagh and Omagh,20% Turnover Growth,45
Fermanagh and Omagh,20% Employment and Turnover Growth,10
Lisburn and Castlereagh,20% Employment Growth,30
Lisburn and Castlereagh,20% Turnover Growth,55
Lisburn and Castlereagh,20% Employment and Turnover Growth,15
Mid and East Antrim,20% Employment Growth,15
Mid and East Antrim,20% Turnover Growth,35
Mid and East Antrim,20% Employment and Turnover Growth,5
Mid Ulster,20% Employment Growth,40
Mid Ulster,20% Turnover Growth,65
Mid Ulster,20% Employment and Turnover Growth,25
Newry Mourne and Down,20% Employment Growth,25
Newry Mourne and Down,20% Turnover Growth,65
Newry Mourne and Down,20% Employment and Turnover Growth,15
